usg_percent,ast_percent,trb_percent,x3p_ar,blk_percent,stl_percent,f_tr,rel_ts,cluster,count
17.478068558791005,11.97493549576115,7.480022115739036,0.47366420936232934,1.0263914485809067,1.5354957611500184,0.19268153335790625,3.1649737067294006,0,2710
19.06427656850192,9.498847631241997,14.434891165172855,0.03912804097311137,1.7468629961587707,1.3929577464788734,0.46646286811779775,6.825751339427388,1,1568
19.14121151936445,25.734409136047667,6.334111221449851,0.18045283018867925,0.628351539225422,2.465988083416087,0.27397666335650445,0.7814757027850243,2,2014
18.170653173873045,7.849126034958601,16.366329346826127,0.03984268629254828,5.004415823367065,1.270561177552898,0.40407727690892364,5.259206258798097,3,1087
19.1168358714044,9.705329949238578,12.047546531302876,0.07533587140439932,1.6686125211505922,1.4152707275803722,0.2684505076142132,0.423238591704854,4,2361
25.889931237721022,23.27878192534381,7.422740667976425,0.24616601178781924,0.8214636542239683,1.7045677799607073,0.32141355599214144,4.104478756338385,5,2036
